Date,Close,High,Low,Open,Volume
02/03/2020,13971.96191,14731,13929.29492,13941.3418,0
03/03/2020,14220,14277,14056.90039,14220,0
04/03/2020,14199.5,14275,14057.5,14275,0
05/03/2020,14256,14292.5,14111,14255,0
06/03/2020,14309.59961,14463.7998,14187,14462,0
09/03/2020,14251.53906,14796,14124.76465,14124.76465,0
10/03/2020,14094.81836,14702,13877.81836,14702,0
11/03/2020,14272.90039,14481,14273.09961,14291.5,0
12/03/2020,14526,14709.5,14244.03125,14524,0
13/03/2020,14850,14984,14060,14850,0
16/03/2020,14635.02246,15131.5,14610.83301,14624.85059,0
17/03/2020,15192,15280.5,14923.96387,14923.96387,0
18/03/2020,14955.78809,15523,14889.90039,15199,0
19/03/2020,15474.5,16180,15437.5,15472.5,0
20/03/2020,15908,16327.5,15785.5,15913,0
23/03/2020,15766.24707,16639.5,16045,16625,0
24/03/2020,16504.80078,16915,16149,16915,0
25/03/2020,16216.5,16493,15701,16220,0
26/03/2020,16447.7207,16449.21875,15959.5,16201,0
27/03/2020,16218.63672,16355,14944.5,16208.7373,0
30/03/2020,16005.33496,16439.5,15739.6123,15739.6123,0
31/03/2020,16346.96191,16474.5,16034.5,16408,0
01/04/2020,16277.94336,17178,16273,16395.5,0
02/04/2020,16412.80859,17144,16399.5,17144,0
03/04/2020,16441.26367,16849,16440.92383,16820,0
06/04/2020,16418,16785,16352.00879,16373.57129,0
07/04/2020,16364.64844,16633.5,15969.5,16633.5,0
08/04/2020,16225,16349.5,16054.5,16225,0
09/04/2020,16159.37695,16241,15710.2998,16241,0
10/04/2020,15811.96777,15835,15587.2002,15835,0
13/04/2020,15800,15854,15610.5,15801,0
14/04/2020,15751,15778,15351.5,15766,0
15/04/2020,15578.34668,15793,15568,15747.5,0
16/04/2020,15887.5,15881,15319.5,15881,0
17/04/2020,15568.33887,15821,15383.2002,15821,0
20/04/2020,15423,15662,15172.31055,15172.58984,0
21/04/2020,15377.08008,15712,15375.48047,15712,0
22/04/2020,15394.67871,15875.5,15388.15723,15875.5,0
23/04/2020,15408.62207,15770.5,15416.74707,15770.5,0
24/04/2020,15665,15784.5,15398.67676,15660.5,0
27/04/2020,15348.74414,15584,15348.25977,15348.25977,0
28/04/2020,15312.38574,15637,15299.08984,15637,0
29/04/2020,15364.59473,15497.7998,15180.2998,15497.7998,0
30/04/2020,15234.63672,15241.64258,14399,15237.7998,0
01/05/2020,15249,15446,14535.05078,15252.7998,0
04/05/2020,14671,15236,14841.54102,14841.54102,0
05/05/2020,15044,15293,14989.90039,15043,0
06/05/2020,15335,15332.7998,15026.5,15332.7998,0
07/05/2020,14998.33203,15430,14993.84277,15430,0
08/05/2020,15227,15227,14880.5,15227,0
11/05/2020,14721.39844,14980,14868.5,14899.76074,0
12/05/2020,14848.7002,15057.5,14773,15057.5,0
13/05/2020,14994,14997.7998,14777,14997.7998,0
14/05/2020,14846.87305,14973,14824.2002,14962,0
15/05/2020,14810.12012,15027,14814.44238,15027,0
18/05/2020,14853,14912.5,14799.2998,14853,0
19/05/2020,14878,14885.5,14749.2998,14885.5,0
20/05/2020,14748.44727,14855.5,14682,14855.5,0
21/05/2020,14771,14773.5,14671.5,14773.5,0
22/05/2020,14826,14924,14684.9707,14828.5,0
25/05/2020,14703,14875,14502.71191,14654.9541,0
26/05/2020,14501.75781,15008.5,14496.7002,15008.5,0
27/05/2020,14850,14842.5,14680,14842.5,0
28/05/2020,14888.5,14815.2998,14633.35059,14786.2998,0
29/05/2020,14825,14882.24121,14507,14817.5,0
01/06/2020,14603,14603,14435.5,14540.71289,0
02/06/2020,14573.5,14603,14334,14570,0
03/06/2020,14343.82324,14375.09961,14082,14375.09961,0
04/06/2020,14130,14194.2998,14043.38867,14130,0
05/06/2020,14085.44727,14170,13888,14170,0
08/06/2020,13863,14034,13804.83301,13810.25488,0
09/06/2020,14070.7998,14123.7998,13835.66211,14071,0
10/06/2020,13852.10352,14249.2002,13852.9043,14249.2002,0
11/06/2020,13947.44336,14249.5,13944.57324,14220,0
12/06/2020,14475,14475,13947.61914,14475,0
15/06/2020,14118,14312.7002,13976.27637,14045.76758,0
16/06/2020,13988.11914,14235.7002,13983.33105,13987.91895,0
17/06/2020,14275,14243.40039,14013.88086,14021.67773,0
18/06/2020,14102.73535,14243.09961,14047.58008,14086.98047,0
19/06/2020,13997.69238,14250.2998,14000.81445,14001.02637,0
22/06/2020,14093,14301.5,14045.91113,14055.63672,0
23/06/2020,14080.13477,14267.90039,14020.59961,14079.16113,0
24/06/2020,14113.17773,14250.7002,14080,14250.7002,0
25/06/2020,14289.2998,14288.09961,14102.7002,14190.09961,0
26/06/2020,14376.2002,14364.59961,14098.19824,14098.19824,0
29/06/2020,14213,14397.09961,14132.84375,14137.45508,0
30/06/2020,14470.2002,14593.5,14149.69336,14149.69336,0
01/07/2020,14194.05078,14604.2002,14148.2002,14604.2002,0
02/07/2020,14187.8584,14591.40039,14187.90039,14591.40039,0
03/07/2020,14298.7793,14626.40039,14298.25098,14626.40039,0
06/07/2020,14503,14526.2998,14266.79102,14288.57227,0
07/07/2020,14206.50879,14483,14182.48438,14206.97363,0
08/07/2020,14483.5,14483.5,14234.60352,14483.5,0
09/07/2020,14349.56543,14523,14341.73242,14498.7002,0
10/07/2020,14545.7002,14545.7002,14314.50293,14545.7002,0
13/07/2020,14428,14493,14205.00195,14208.80566,0
14/07/2020,14584,14614.2002,14348,14584.7002,0
15/07/2020,14715.40039,14605.7998,14345.41211,14364.61719,0
16/07/2020,14561.17188,14674.5,14560,14588.14746,0
17/07/2020,14552.20996,14830,14546.41211,14830,0
20/07/2020,14688,14884.7002,14610.91406,14610.91406,0
21/07/2020,14949.2998,14950,14680.2002,14950,0
22/07/2020,14626.8623,14754.2002,14553.59961,14754.2002,0
23/07/2020,14630,14704.2002,14538,14704.2002,0
24/07/2020,14578.9043,14700,14549,14700,0
27/07/2020,14603,14629.59961,14461.42578,14527.73047,0
28/07/2020,14614.5,14605.59961,14459.07813,14465.70508,0
29/07/2020,14633.5,14663.90039,14473.28613,14480.23438,0
30/07/2020,14458.34473,14733.7002,14457.80859,14457.80859,0
31/07/2020,14486.66895,14737.09961,14470.92773,14485.66895,0
03/08/2020,14593,14727.40039,14584.57715,14591.47656,0
04/08/2020,14540.9209,14776.5,14539.75977,14540.66992,0
05/08/2020,14720,14720,14465.5918,14720,0
06/08/2020,14307.64258,14626,14296.49512,14574.2002,0
07/08/2020,14568.45703,14731.09961,14566.21973,14639.40039,0
10/08/2020,14618,14761.59961,14467.62109,14481.11719,0
11/08/2020,14823.7998,14768.59961,14593.58984,14593.58984,0
12/08/2020,14858.5,14833.5,14613.58301,14617.96484,0
13/08/2020,14670.80957,14953.59961,14670.94922,14953.59961,0
14/08/2020,14673.49707,14954.59961,14674.15625,14948.5,0
17/08/2020,14788,14917,14549.79297,14550.79297,0
18/08/2020,14969.40039,14971.09961,14701.63867,14971.09961,0
19/08/2020,14598.07227,14838,14592.69727,14596.97168,0
20/08/2020,14694.19727,14789.2998,14681.5,14693.60156,0
21/08/2020,14543.41211,14793.40039,14533.86719,14541.81152,0
24/08/2020,14764,14800.2998,14576.54102,14576.54102,0
25/08/2020,14629.40039,14664,14518.14063,14523.58008,0
26/08/2020,14607.7002,14686,14435.19434,14607.7002,0
27/08/2020,14447.38281,14729.09961,14446.41309,14643.59961,0
28/08/2020,14446.00391,14735.59961,14446.39941,14735.59961,0
31/08/2020,14618,14626.7998,14412.63379,14419.38086,0
01/09/2020,14599.7002,14723.7002,14337.13281,14599.7002,0
02/09/2020,14818.59961,14884,14453.95215,14453.95215,0
03/09/2020,14565.14746,14895,14569.27148,14895,0
04/09/2020,14545.9873,14854.5,14536.59375,14854.5,0
07/09/2020,14741,14791.2998,14706,14752.22754,0
08/09/2020,14795,14878,14543.25586,14795,0
09/09/2020,14915.2002,14915.2002,14760,14915.2002,0
10/09/2020,14874.2002,14994.7002,14761.65918,14869.7002,0
11/09/2020,14857.4707,15045.2998,14870.9707,15040.2002,0
14/09/2020,14883,15035,14858.60547,14860.99316,0
15/09/2020,14983.5,15010.48926,14799.59961,14979,0
16/09/2020,14869.59961,14881.19434,14783,14865.09961,0
17/09/2020,14812.58691,14887,14722.59961,14850.5,0
18/09/2020,14788,14816.30859,14679.59961,14795.5,0
21/09/2020,14728,14829.5,14573.09961,14715.41504,0
22/09/2020,14839.2002,14859,14694.80762,14834.7002,0
23/09/2020,14742.58594,14899.90039,14740.58594,14829.7002,0
24/09/2020,14803.98535,15041.5,14660.59961,14955.5,0
25/09/2020,14839.57813,15019.7998,14841.43066,15019.7998,0
28/09/2020,14863,14980.59961,14816.2998,14832.02441,0
29/09/2020,14893.59961,14989,14848.90039,14889.09961,0
30/09/2020,14910,14972.7998,14809.7002,14905.5,0
01/10/2020,14879,14897.90039,14709.5,14857,0
02/10/2020,14817.55859,14933.5,14816.99121,14870.5,0
05/10/2020,14853,14853,14672.40039,14829.85547,0
06/10/2020,14780.18262,14773.5,14675.5,14705,0
07/10/2020,14773,14846.49219,14709,14780.5,0
08/10/2020,14715.5,14764,14692.5,14727.5,0
09/10/2020,14676.99609,14759.2002,14619.90039,14759.2002,0
12/10/2020,14693,14751.5,14681.6416,14683.48047,0
13/10/2020,14484.99219,14787.7998,14484.25293,14775,0
14/10/2020,14793,14790,14664.67773,14790,0
15/10/2020,14681.46289,14800.2002,14671.54004,14758.2002,0
16/10/2020,14652.5,14779.2002,14652.59961,14779.2002,0
19/10/2020,14693,14770,14663.59473,14693,0
20/10/2020,14708,14730,14640.5,14705,0
21/10/2020,14688,14701.59961,14527.24121,14685,0
22/10/2020,14639.77539,14744,14613,14635,0
23/10/2020,14639.85254,14745,14640,14743,0
26/10/2020,14642.78223,14716.40039,14645.5,14662.8916,0
27/10/2020,14724.2002,14724.2002,14618,14724.2002,0
28/10/2020,14653.27441,14810.2998,14652.36035,14670,0
29/10/2020,14777.2002,14811.09961,14730.90039,14777.2002,0
30/10/2020,14818,14819.2998,14462.90527,14462.90527,0
02/11/2020,14586.16992,14748.7998,14611.2002,14632.28125,0
03/11/2020,14603.95801,14669.2002,14445.7002,14604.18359,0
04/11/2020,14540.89258,14623.7998,14126.7998,14493.7998,0
05/11/2020,14360,14507.52637,14237.7998,14360,0
06/11/2020,14256,14316.7998,14190,14256,0
09/11/2020,14198.67188,14218.5,13931.7002,14175.92969,0
10/11/2020,14256.36035,14263.83887,13984.7002,14050,0
11/11/2020,14041.54492,14224.2002,13990.5,14140,0
12/11/2020,13878.98926,14233,13876.34277,13876.41504,0
13/11/2020,14133.49121,14241.40039,14127.00977,14135.5918,0
16/11/2020,14135.55957,14163,14067.7002,14123.12988,0
17/11/2020,14089.2002,14122.09961,14031,14089.2002,0
18/11/2020,14026.45117,14130.7002,14025.24219,14025.95117,0
19/11/2020,14110.2002,14259.40039,14096.2002,14110.2002,0
20/11/2020,14189.90039,14233.59961,14148,14189.90039,0
23/11/2020,14150.99121,14202.7998,14113.29004,14139.51367,0
24/11/2020,14164.60547,14240.40039,14143,14230,0
25/11/2020,14121.7998,14203.09961,14018.2002,14203.09961,0
26/11/2020,14127.4707,14161,14101,14140,0
27/11/2020,13897.66895,14157.2002,13869.32715,14035,0
30/11/2020,14061.64453,14197.7998,13826.87305,14052.72168,0
01/12/2020,14094.93555,14206,13837.65137,14200,0
02/12/2020,14175,14246.7002,13955.2002,14175,0
03/12/2020,14076.41992,14229.2002,14076.21973,14199.2002,0
04/12/2020,14092.79883,14190,14085.95605,14190,0
07/12/2020,14076.49023,14217.40039,14069.86523,14079.80957,0
08/12/2020,14143,14165.5,14080,14140,0
09/12/2020,14083.01074,14173.59961,14051.2998,14160,0
10/12/2020,14150,14150,14074.13184,14150,0
11/12/2020,14082.59277,14175,14076,14160.7002,0
14/12/2020,14069.15723,14199.2998,14043.97852,14044.11035,0
15/12/2020,14221.90039,14225,14056.45996,14220.90039,0
16/12/2020,14190,14199,14101.08105,14190,0
17/12/2020,14070.53711,14169.2002,14065.74121,14169.2002,0
18/12/2020,14083.85059,14170,14062,14125,0
21/12/2020,14068.9375,14262.59961,14100,14116.25391,0
22/12/2020,14100.73145,14304.7998,14103.63086,14234.2002,0
23/12/2020,14324.2002,14324.2002,14109.72363,14324.2002,0
24/12/2020,14146.90137,14285,14129.10254,14285,0
25/12/2020,14148.64355,14216.7998,13994.31152,14215,0
28/12/2020,13911.14355,14201,13930.02344,14000.84668,0
29/12/2020,14126.12012,14164,14071.5,14090,0
30/12/2020,14069.90918,14156.5,13993.40039,14156.5,0
31/12/2020,13832.55957,14027.2998,13832.33496,13990,0
01/01/2021,13932.37402,14034.47363,13875,13875,0
04/01/2021,14022.50098,14043,13826.09961,13890.57813,0
05/01/2021,13931.40039,13962,13880,13931.40039,0
06/01/2021,13930,13953.59961,13875,13930,0
07/01/2021,13951.5,14137.5,13837.66406,13951.5,0
08/01/2021,13892.97754,14147.40039,13892.97754,14135,0
11/01/2021,13861.39258,14297,13897.0166,13906.61035,0
12/01/2021,14088.73535,14287.2998,14088.09766,14285,0
13/01/2021,14031.07813,14194.90039,14032.25684,14155,0
14/01/2021,14166,14166,13979.90039,14166,0
15/01/2021,14063.14746,14099,13969.5,14014,0
18/01/2021,13880.7793,14162,13882.99023,13892.55273,0
19/01/2021,14100.7998,14167.55566,14045.7002,14100.7998,0
20/01/2021,14122,14121.2998,13981.40039,14121.2998,0
21/01/2021,14037.2002,14042,13954.2002,14042,0
22/01/2021,13960.76172,14122,13953.56934,14060,0
25/01/2021,14012.89551,14126.2998,14013,14019.11426,0
26/01/2021,14148.5,14151.2998,14040,14147.5,0
27/01/2021,14142,14156.5,14037.09082,14142,0
28/01/2021,14195,14195,14038.6543,14195,0
29/01/2021,13854.86426,14242.37988,13855.86426,14105,0
01/02/2021,13828.13672,14081.2998,13834.98047,13843.52148,0
02/02/2021,14118.5,14117.5,13990.90039,14117.5,0
03/02/2021,13995.53516,14047.5,13960.2998,14047.5,0
04/02/2021,13983.95215,14088,13978.83887,14029.5,0
05/02/2021,14010.47363,14093.5,13993.5,14080,0
08/02/2021,14001.10352,14034.09961,13982,14001.21973,0
09/02/2021,13990.45996,14047.2998,13965.40039,14047.2998,0
10/02/2021,13989.18848,14029.2002,13957.90039,14029.2002,0
11/02/2021,14027,14027,13949.5,14027,0
12/02/2021,13976.24023,14009.7998,13952.2002,14009.7998,0
15/02/2021,13966,13974.59961,13858.2998,13968.45313,0
16/02/2021,13907,14022.2998,13724.61328,13940.59961,0
17/02/2021,14039.2002,14151.5,13918,14039.2002,0
18/02/2021,14007.47461,14110,13997.65137,14102.5,0
19/02/2021,13998.19824,14118,13991.90039,14118,0
22/02/2021,13898.41699,14237.2002,13886.35352,13889.53418,0
23/02/2021,14107.69629,14165,14067.7998,14165,0
24/02/2021,14081.61719,14126.2002,14020.2998,14126.2002,0
25/02/2021,14097.7998,14256.5,14042.7998,14096.7998,0
26/02/2021,13968.18555,14410,13967.28516,14410,0
01/03/2021,14110.58496,14347.5,14079.67871,14092.25781,0
02/03/2021,14245.62012,14372,14245.41992,14336.2002,0
03/03/2021,14239.18164,14345,14234.7666,14345,0
04/03/2021,14349,14351.5,14227.7998,14349,0
05/03/2021,14268.87988,14441,14243.85645,14410,0
08/03/2021,14287.39258,14364,14113.5957,14275.8916,0
09/03/2021,14344.47559,14466,14110.56055,14343.93359,0
10/03/2021,14393,14444.2002,14176.06348,14396.55957,0
11/03/2021,14398,14462.59961,14280.90039,14462.59961,0
12/03/2021,14283.90039,14446.5,14284.90039,14345,0
15/03/2021,14385.20898,14417.2998,14407.40039,14409.40039,0
16/03/2021,14464,14506.7998,14378.40039,14464,0
17/03/2021,14427.5,14495.2002,14394.7002,14495,0
18/03/2021,14403,14529.7998,14338,14402,0
19/03/2021,14431,14494.7998,14373.5,14494.7998,0
22/03/2021,14372.2002,14442.40039,14373.09961,14398,0
23/03/2021,14375.7998,14499,14252.5,14432.7002,0
24/03/2021,14505.5,14505.5,14388,14505.5,0
25/03/2021,14460,14508.7002,14401.5,14508.7002,0
26/03/2021,14456.40039,14502.09961,14399.90039,14502.09961,0
29/03/2021,14411,14501,14411,14411,0
30/03/2021,14511.7002,14569.59961,14438,14511.7002,0
31/03/2021,14605,14605,14517.09961,14605,0
01/04/2021,14606,14605,14495.2998,14605,0
02/04/2021,14553,14553,14486,14553,0
05/04/2021,14518,14536,14446.5,14518,0
06/04/2021,14529.2002,14529.2002,14456.2998,14529.2002,0
07/04/2021,14460.2998,14577.59961,14456.2002,14510,0
08/04/2021,14641,14641,14488,14641,0
09/04/2021,14660.7002,14660.7002,14528,14660.7002,0
12/04/2021,14558,14644,14558,14558,0
13/04/2021,14611.90039,14674,14588,14611.90039,0
14/04/2021,14621.09961,14688,14597.2002,14688,0
15/04/2021,14673.7998,14673.7998,14562.59961,14673.7998,0
16/04/2021,14616,14617,14512.2998,14603,0
19/04/2021,14558,14575.59961,14509.09961,14558,0
20/04/2021,14570,14576.09961,14471.5,14569.2998,0
21/04/2021,14543.2002,14587.2998,14495,14587.2998,0
22/04/2021,14564.2002,14564.2002,14507,14564.2002,0
23/04/2021,14606.59961,14605.90039,14504.40039,14605.90039,0
26/04/2021,14518,14518,14416.5,14518,0
27/04/2021,14459.59961,14517,14460.7002,14505.09961,0
28/04/2021,14516.40039,14568.5,14478,14566,0
29/04/2021,14519,14519,14384.90039,14519,0
30/04/2021,14439.7002,14494.7002,14395.59961,14439.7002,0
03/05/2021,14438,14519.7998,14394.7998,14438,0
04/05/2021,14399.09961,14480.2002,14390.5,14448.5,0
05/05/2021,14482.5,14529,14411.2998,14529,0
06/05/2021,14399.5,14450,14276.2002,14450,0
07/05/2021,14283.7998,14312,14055.90039,14282.7998,0
10/05/2021,14278,14278,14071.2998,14278,0
11/05/2021,14189.59961,14227.2998,14160.5,14220,0
12/05/2021,14220,14330.7998,14182.5,14220,0
13/05/2021,14347,14359.2002,14270.7998,14347,0
14/05/2021,14300.2998,14341,14262.90039,14341,0
17/05/2021,14191,14388.09961,14191,14191,0
18/05/2021,14344.5,14389.2998,14250.59961,14389.2998,0
19/05/2021,14362.2998,14416.2002,14266,14361.2998,0
20/05/2021,14389.7002,14444.7002,14338,14444.7002,0
21/05/2021,14397.2998,14396.2998,14311.2002,14396.2998,0
24/05/2021,14348,14370.40039,14311.5,14348,0
25/05/2021,14365,14364,14296.5,14364,0
26/05/2021,14371.40039,14371.40039,14217.09961,14371.40039,0
27/05/2021,14310,14335.09961,14263.7998,14309,0
28/05/2021,14318,14345.09961,14256.5,14330,0
31/05/2021,14278,14306.7998,14206.5,14278,0
01/06/2021,14247.5,14285.5,14179.7998,14274.2002,0
02/06/2021,14251.5,14327.7998,14240,14280,0
03/06/2021,14290.7002,14333.7998,14236.5,14290.7002,0
04/06/2021,14360,14360,14249.2002,14360,0
07/06/2021,14288,14298.2998,14239,14288,0
08/06/2021,14246.5,14287.7002,14199.65039,14278.2998,0
09/06/2021,14281,14310.7002,14243.5,14310.7002,0
10/06/2021,14300,14300,14223,14300,0
11/06/2021,14248.5,14251,14148,14247.5,0
14/06/2021,14182,14276.40039,14182,14182,0
15/06/2021,14267.5,14271.90039,14150.88965,14266.5,0
16/06/2021,14280.2998,14279.2998,14218,14279.2998,0
17/06/2021,14466.5,14487.59961,14302.7998,14407.5,0
18/06/2021,14554.7002,14554.7002,14367.09961,14554.7002,0
21/06/2021,14368,14505.59961,14368,14368,0
22/06/2021,14388.7998,14485.2998,14368.40039,14454,0
23/06/2021,14495,14495,14413,14495,0
24/06/2021,14413.2998,14491.40039,14381.73047,14468,0
25/06/2021,14511.2002,14511.2002,14417.5,14511.2002,0
28/06/2021,14418,14517.40039,14417.40039,14418,0
29/06/2021,14525,14593.40039,14438,14479,0
30/06/2021,14629.09961,14629.09961,14423.51953,14629.09961,0
01/07/2021,14601.59961,14601.59961,14490,14601.59961,0
02/07/2021,14581.40039,14635,14485.5,14635,0
05/07/2021,14526,14535,14444.5,14526,0
06/07/2021,14495,14530,14443.5,14507,0
07/07/2021,14568.7002,14568.7002,14468.2998,14568.7002,0
08/07/2021,14569.2002,14599.7002,14506.2002,14569.2002,0
09/07/2021,14618.7002,14618.7002,14479.59961,14618.7002,0
12/07/2021,14521,14525,14466.09961,14521,0
13/07/2021,14558.5,14557.5,14439.5,14557.5,0
14/07/2021,14542.09961,14539.7998,14453.5,14537.2998,0
15/07/2021,14473,14528.59961,14420.54004,14525.2002,0
16/07/2021,14563,14560,14426.90039,14560,0
19/07/2021,14491,14581.2998,14477.5,14491,0
20/07/2021,14664.5,14664.7998,14524.7002,14589.7002,0
21/07/2021,14620,14560.5,14477.40039,14551,0
22/07/2021,14536,14530.2002,14472.5,14530.2002,0
23/07/2021,14548.7002,14548.7002,14435.45996,14548.7002,0
26/07/2021,14486,14505.90039,14343.2002,14486,0
27/07/2021,14523.5,14523.5,14458,14523.5,0
28/07/2021,14554,14554,14479.59961,14554,0
29/07/2021,14462.59961,14516.5,14406.2998,14516.5,0
30/07/2021,14450,14481.2998,14403,14447,0
02/08/2021,14456,14470.7998,14357.2998,14456,0
03/08/2021,14397.40039,14396.7002,14282.7002,14396.7002,0
04/08/2021,14349.5,14353.2002,14142.40039,14349.5,0
05/08/2021,14338.59961,14373.5,14306,14373.5,0
06/08/2021,14385.5,14401.7998,14333.2002,14385.5,0
09/08/2021,14346,14403,14346,14346,0
10/08/2021,14402.09961,14419.7998,14356,14400.2002,0
11/08/2021,14393.09961,14428.5,14357,14393.09961,0
12/08/2021,14395,14404.40039,14297.5,14345.59961,0
13/08/2021,14341,14415,14289,14376,0
16/08/2021,14381,14391,14349.5,14381,0
17/08/2021,14363,14426.5,14351,14404.5,0
18/08/2021,14425.09961,14469.7998,14311.08984,14469.7998,0
19/08/2021,14454.2002,14479.2998,14394,14402.40039,0
20/08/2021,14493.40039,14548,14396,14548,0
23/08/2021,14446,14446,14382.40039,14446,0
24/08/2021,14430,14467.5,14367.5,14430,0
25/08/2021,14448.7002,14448.7002,14363.2002,14448.7002,0
26/08/2021,14465.7002,14468,14407.40039,14465.7002,0
27/08/2021,14449.2998,14502,14350.88965,14502,0
30/08/2021,14411,14411,14314.5,14411,0
31/08/2021,14362,14362,14197.09961,14362,0
01/09/2021,14246.5,14299.7002,14208.2002,14246.5,0
02/09/2021,14269.2002,14283,14212.58008,14269.2002,0
03/09/2021,14245.5,14280,14109.5,14277,0
06/09/2021,14256,14256,14185.5,14256,0
07/09/2021,14231.40039,14271.2998,14153.7998,14250,0
08/09/2021,14279.2002,14287.2998,14206,14279.2002,0
09/09/2021,14326.40039,14326.7998,14230.59961,14325.40039,0
10/09/2021,14258.7998,14299.2002,14185,14299.2002,0
13/09/2021,14196,14284,14196,14196,0
14/09/2021,14291.59961,14291.59961,14188.7002,14291.59961,0
15/09/2021,14249.7002,14283.5,14207.90039,14283.5,0
16/09/2021,14264.5,14284.59961,14180.74023,14264.2998,0
17/09/2021,14283.90039,14283.90039,14166.80957,14241.09961,0
20/09/2021,14221,14306.7002,14221,14221,0
21/09/2021,14320.5,14320.2998,14206.59961,14320.2998,0
22/09/2021,14237.5,14290.7998,14172.78027,14290.7998,0
23/09/2021,14279.2002,14304.5,14177.75977,14279.2002,0
24/09/2021,14286.5,14307.40039,14226,14285.5,0
27/09/2021,14251,14284.2998,14178.75,14251,0
28/09/2021,14242.5,14317.5,14237.5,14291.5,0
29/09/2021,14318.59961,14364.2002,14266,14364.2002,0
30/09/2021,14385,14385,14279.59961,14385,0
01/10/2021,14328.59961,14366.5,14266.2002,14366.5,0
04/10/2021,14301,14305,14237.7998,14301,0
05/10/2021,14300.5,14299.5,14215.7998,14299.5,0
06/10/2021,14246,14302,14206.2002,14245.2998,0
07/10/2021,14232.40039,14270.59961,14164.09961,14270.59961,0
08/10/2021,14170.7998,14247.2998,14157.90039,14210,0
11/10/2021,14216,14225.7002,14153.87988,14216,0
12/10/2021,14194,14225.2998,14161,14205,0
13/10/2021,14221.2002,14255,14145.91992,14221.2002,0
14/10/2021,14219.7002,14219.7002,13579.2002,14219.7002,0
15/10/2021,14078.5,14111,14017.59961,14056.40039,0
18/10/2021,14067,14141.2998,14013.58008,14067,0
19/10/2021,14157.2002,14156.5,14046.2002,14156.5,0
20/10/2021,14116.7998,14149.90039,13624.90039,14116.7998,0
21/10/2021,14119.7998,14153.7998,14009.59961,14150.5,0
22/10/2021,14175,14228.90039,13721.2002,14175,0
25/10/2021,14116,14192.2002,14113.5,14116,0
26/10/2021,14193.5,14192.5,14117,14192.5,0
27/10/2021,14175.7002,14251.40039,14137.5,14175.7002,0
28/10/2021,14217.09961,14252,14163.90039,14252,0
29/10/2021,14229,14256,14152.2002,14198.59961,0
01/11/2021,14228.5,14332.09961,14161,14161,0
02/11/2021,14276.59961,14322.5,14244.5,14322.5,0
03/11/2021,14289.90039,14411.2002,14246,14325.7998,0
04/11/2021,14366,14402.2002,14302,14366,0
05/11/2021,14414,14414,14303.40039,14401,0
08/11/2021,14319.7998,14325,14237.5,14321,0
09/11/2021,14252,14288,14213.09961,14288,0
10/11/2021,14290,14307,14226.90039,14258.90039,0
11/11/2021,14302.40039,14337,14243.7998,14337,0
12/11/2021,14261.7002,14299.2002,14164.2002,14299.2002,0
15/11/2021,14186.7002,14229,14156.5,14229,0
16/11/2021,14185.40039,14253.5,14171.5,14185.40039,0
17/11/2021,14274.2002,14277.5,14214.5,14274.2002,0
18/11/2021,14223.7998,14255,14206,14255,0
19/11/2021,14204.7002,14300.5,14183.5,14235,0
22/11/2021,14265.09961,14291.59961,14224.09961,14231,0
23/11/2021,14259.59961,14298,14241,14295.5,0
24/11/2021,14272.5,14327.40039,14240.5,14301,0
25/11/2021,14303.40039,14336,14256,14336,0
26/11/2021,14320,14439.09961,14281,14320,0
29/11/2021,14408.2002,14378.2998,14003.5,14296,0
30/11/2021,14377,14377,14235.5,14377,0
01/12/2021,14333,14379.5,14286,14330,0
02/12/2021,14376,14450.40039,14281.24023,14419.7002,0
03/12/2021,14443.7998,14508,14356.90039,14443.7998,0
06/12/2021,14514,14462.7002,14391,14391,0
07/12/2021,14490,14490,14331.5,14490,0
08/12/2021,14393.2998,14392.2998,14041.2002,14392.2998,0
09/12/2021,14335,14432.2998,14288.5,14335,0
10/12/2021,14297.40039,14422.7998,14022,14329.5,0
13/12/2021,14351.90039,14370,14282.5,14366,0
14/12/2021,14324.7002,14356.2998,14283.5,14356.2998,0
15/12/2021,14342.5,14389.09961,14276.25977,14341.5,0
16/12/2021,14297.5,14376.5,14265.32031,14294.5,0
17/12/2021,14380,14387.7002,14344.5,14379.7998,0
20/12/2021,14385.7002,14415.40039,14360,14361,0
21/12/2021,14388.7002,14417.2998,14261.2002,14417.2998,0
22/12/2021,14263.90039,14307,14195.09961,14283.5,0
23/12/2021,14193.7998,14253,14167.5,14209,0
24/12/2021,14167.7998,14242,14104.5,14178.5,0
27/12/2021,14189.2998,14239.40039,14147.91016,14214,0
28/12/2021,14220,14239.5,14205.59961,14219,0
29/12/2021,14238.2002,14274.40039,14216.7002,14227.90039,0
30/12/2021,14237,14276.2002,14218.7002,14237,0
31/12/2021,14285.2002,14285.2002,14065.5,14285.2002,0
03/01/2022,14215,14301.2998,14207.5,14246,0
04/01/2022,14283.59961,14383.2998,14259,14303.7002,0
05/01/2022,14385.5,14398.5,14336.7002,14346.40039,0
06/01/2022,14446.5,14445.7998,14351,14445.7998,0
07/01/2022,14408,14408,14320.5,14408,0
10/01/2022,14318.5,14351,14262.2998,14351,0
11/01/2022,14313,14322.2998,14251.38965,14312,0
12/01/2022,14277,14355.5,14257.5,14303,0
13/01/2022,14298.90039,14326.2002,14266,14321.5,0
14/01/2022,14276,14324.2998,14239.4502,14273,0
17/01/2022,14314.5,14335.5,14290,14290,0
18/01/2022,14349.7002,14381.2998,14297,14331.2002,0
19/01/2022,14382.2998,14398.5,14331,14356.90039,0
20/01/2022,14362.7998,14382.5,14300.2998,14382.5,0
21/01/2022,14343,14356.5,14302.2002,14324,0
24/01/2022,14329.7002,14364.90039,14300,14331,0
25/01/2022,14365,14365,14299.40039,14365,0
26/01/2022,14330.5,14354,14063.7002,14342.5,0
27/01/2022,14366.40039,14397.5,14325.40039,14377.7002,0
28/01/2022,14389.2002,14413.2998,14313.08008,14389.2002,0
31/01/2022,14381.59961,14406.2998,14330.90039,14381,0
01/02/2022,14350,14380,14296.2998,14350,0
02/02/2022,14322.2998,14382.2998,14292.09961,14328,0
03/02/2022,14363.7998,14404.90039,14348.7002,14362.7998,0
04/02/2022,14377,14416.40039,14309.09961,14377,0
07/02/2022,14400.40039,14419.2998,14373,14373,0
08/02/2022,14405.59961,14405.59961,14331.98047,14393.59961,0
09/02/2022,14379.5,14386,14332.40039,14379.5,0
10/02/2022,14334.2002,14366,14310.09961,14334.2002,0
11/02/2022,14328,14367.90039,14298.59961,14340,0
14/02/2022,14344.7002,14351.40039,14304.59961,14345,0
15/02/2022,14303,14321,14081,14302,0
16/02/2022,14260.59961,14297.7998,14220.54004,14260.59961,0
17/02/2022,14274.40039,14362.40039,14206.61035,14274.7998,0
18/02/2022,14348,14375.40039,14301.7998,14360,0
21/02/2022,14365.90039,14366.90039,14267.30957,14321,0
22/02/2022,14355,14383.7998,14321,14355,0
23/02/2022,14395,14395,14325.7998,14395,0
24/02/2022,14365,14457.2998,14331,14364,0
25/02/2022,14452.5,14455,14319.59961,14452.5,0
28/02/2022,14334.2002,14408,14341,14360,0
01/03/2022,14360,14415.40039,14320,14395,0
02/03/2022,14425,14424.5,14341,14424.5,0
03/03/2022,14387.5,14415.2998,14352.5,14386.5,0
04/03/2022,14358.40039,14398.09961,14357.7002,14358.40039,0
07/03/2022,14381.7002,14445.5,14377.2998,14381,0
08/03/2022,14406.40039,14439.5,14266.40039,14439.5,0
09/03/2022,14362.7002,14391,14264.7998,14381,0
10/03/2022,14251,14341,14250,14250,0
11/03/2022,14275,14321,14089.59961,14275,0
14/03/2022,14325.5,14339.2998,14234.46973,14296,0
15/03/2022,14347.5,14346.5,14289,14346.5,0
16/03/2022,14305.2998,14315.2998,14081.2002,14308,0
17/03/2022,14263.5,14337.7998,14253.5,14262.5,0
18/03/2022,14326,14357.7998,14218.5498,14325.5,0
21/03/2022,14342.2998,14350.7002,14268.2998,14335,0
22/03/2022,14345,14357,14269.2998,14342,0
23/03/2022,14345.5,14386,14321,14345.5,0
24/03/2022,14389,14389,14344,14389,0
25/03/2022,14337.09961,14375,14326,14358,0
28/03/2022,14334,14374.7002,14334,14334,0
29/03/2022,14373,14372.2002,14288.2002,14373,0
30/03/2022,14334,14362.5,14292.17969,14334,0
31/03/2022,14327.5,14375.40039,14319.5,14327.5,0
01/04/2022,14351,14379.2002,14341.2002,14351,0
04/04/2022,14361,14366.5,14292.17969,14361,0
05/04/2022,14322.2998,14368,14322.2998,14322.2998,0
06/04/2022,14365.5,14384.90039,14340,14365.5,0
07/04/2022,14382,14381.7998,14349,14382,0
08/04/2022,14385,14393.40039,14352,14385,0
11/04/2022,14355,14381.2998,14355,14355,0
12/04/2022,14360.7002,14381.2002,14351.7002,14360.7002,0
13/04/2022,14364.2002,15611.59961,14338.59961,14364.2002,0
14/04/2022,14360.2002,14385.90039,14337,14360.2002,0
15/04/2022,14383.90039,14394.5,14337,14383.90039,0
18/04/2022,14337,14368,14277.25977,14337,0
19/04/2022,14353.7998,14364.5,14303.5,14353.7998,0
20/04/2022,14364.90039,14384.5,14275.26953,14364.90039,0
21/04/2022,14351,14359.2002,14279.25,14351,0
22/04/2022,14382,14492,14337,14382,0
25/04/2022,14350,14525,14350,14350,0
26/04/2022,14478,14476.5,14361.5,14478,0
27/04/2022,14466,14510.59961,14345.5,14466,0
28/04/2022,14447.5,14528.90039,14420,14447.5,0
29/04/2022,14502,14560,14398.5,14502,0
02/05/2022,14490,14565,14490,14490,0
03/05/2022,14522.59961,14576.09961,14458.5,14522.59961,0
04/05/2022,14491,14507,14411.90039,14491,0
05/05/2022,14425,14490,14386,14425,0
06/05/2022,14458.7002,14501.5,14450.90039,14458.7002,0
09/05/2022,14490,14594.90039,14490,14490,0
10/05/2022,14552.2002,14620.7998,14508.5,14552.2002,0
11/05/2022,14520.7998,14560.7998,14490.40039,14520.7998,0
12/05/2022,14543.40039,14671.59961,14523.7002,14543.40039,0
13/05/2022,14632.09961,14669.5,14589.7002,14632.09961,0
16/05/2022,14606,14744.7002,14596.7002,14606,0
17/05/2022,14645,14690,14606,14645,0
18/05/2022,14630.59961,14731.5,14630.59961,14630.59961,0
19/05/2022,14740,14755,14568.5,14740,0
20/05/2022,14626.7998,14683.7998,14618,14626.7998,0
23/05/2022,14645,14671.7002,14609.90039,14645,0
24/05/2022,14619.2002,14687.09961,14591.67969,14619.2002,0
25/05/2022,14635.7998,14663,14588.5,14635.7998,0
26/05/2022,14597,14631.40039,14572.2002,14597,0
27/05/2022,14584.2002,14626,14522.2002,14584.2002,0
30/05/2022,14570,14571,14497.7998,14570,0
31/05/2022,14538.40039,14594,14471.28027,14538.40039,0
01/06/2022,14543.90039,14574,14513.40039,14543.90039,0
02/06/2022,14531.5,14585.2002,14364.5,14531.5,0
03/06/2022,14426.7998,14476,14385,14426.7998,0
06/06/2022,14431,14472,14401.7002,14431,0
07/06/2022,14435.2002,14473.7002,14435.2998,14435.2002,0
08/06/2022,14458.7998,14523.5,14411.5,14458.7998,0
09/06/2022,14495.2998,14592.59961,14404.62012,14495.2998,0
10/06/2022,14611.7998,14647,14454.7002,14611.7998,0
13/06/2022,14546,14808.2002,14496.16016,14546,0
14/06/2022,14795,14804,14678,14795,0
15/06/2022,14740.7998,14791.2002,14632.7002,14740.7998,0
16/06/2022,14681,14872,14661.2002,14681,0
17/06/2022,14776.09961,14854.5,14667.2998,14776.09961,0
20/06/2022,14816,14848.2002,14753.86035,14816,0
21/06/2022,14827.7002,14840,14774.7002,14827.7002,0
22/06/2022,14831.7002,14883.7002,14775.2002,14831.7002,0
23/06/2022,14843,14872,14790.7002,14843,0
24/06/2022,14841.7998,14861.59961,14815.5,14841.7998,0
27/06/2022,14841,14841,14779.59961,14841,0
28/06/2022,14791,14853.5,14783.7002,14791,0
29/06/2022,14857,14876.7998,14823.40039,14857,0
30/06/2022,14877,14984,14842,14877,0
01/07/2022,14921.90039,15019.7998,14891,14921.90039,0
04/07/2022,14931,15009.5,14925.7002,14931,0
05/07/2022,15008,15058.59961,14885.2002,15008,0
06/07/2022,15037,15044.5,14990,15037,0
07/07/2022,15010,15014.2002,14938,15010,0
08/07/2022,14964.59961,15003.7998,14941.2998,14964.59961,0
11/07/2022,14970,15019.40039,14939.7002,14970,0
12/07/2022,14989.09961,15025.7002,14948.7002,14989.09961,0
13/07/2022,15010,15060.5,14957.2002,15010,0
14/07/2022,15030.40039,15100.2002,14981,15030.40039,0
15/07/2022,15037.09961,15121,14962,15037.09961,0
18/07/2022,14986,15007.2002,14924,14986,0
19/07/2022,14977,15023,14911.07031,14977,0
20/07/2022,14960.7998,15029,14953.90039,14960.7998,0
21/07/2022,15022,15064.7998,14960.7002,15022,0
22/07/2022,15004.2002,15066,14944,15004.2002,0
25/07/2022,15011,15011,14943.5,15011,0
26/07/2022,14978,15019.40039,14946.2998,14978,0
27/07/2022,14982.7998,15026.2998,14953.2998,14982.7998,0
28/07/2022,14914.2002,14968,14877.2998,14914.2002,0
29/07/2022,14849.09961,14887.5,14822.5,14849.09961,0
01/08/2022,14826,14886.90039,14819.7002,14826,0
02/08/2022,14838,14912.7998,14837,14838,0
03/08/2022,14890.09961,14916,14860.7002,14890.09961,0
04/08/2022,14900,14950.2002,14878.7998,14900,0
05/08/2022,14884.7002,14977,14872.5,14884.7002,0
08/08/2022,14886,14938,14818.2002,14886,0
09/08/2022,14831.2002,14871.2002,14821.2002,14831.2002,0
10/08/2022,14856.7002,14882.5,14777.2002,14856.7002,0
11/08/2022,14756.90039,14813.7002,14656.59961,14756.90039,0
12/08/2022,14724.2002,14761,14648.5,14724.2002,0
15/08/2022,14661,14776.5,14656.5,14661,0
16/08/2022,14776.40039,14791.5,14747,14776.40039,0
17/08/2022,14747.09961,14789.7002,14721.90039,14747.09961,0
18/08/2022,14764.09961,14852.2998,14754.5,14764.09961,0
19/08/2022,14845.7002,14909.09961,14819.2002,14845.7002,0
22/08/2022,14831,14944.09961,14831,14831,0
23/08/2022,14933.5,14935,14821,14933.5,0
24/08/2022,14850,14874.7002,14796.2998,14850,0
25/08/2022,14845,14845,14766.09961,14845,0
26/08/2022,14773,14823.2998,14742.5,14773,0
29/08/2022,14811,14909.90039,14811,14811,0
30/08/2022,14895,14895,14812.57031,14895,0
31/08/2022,14850,14869.09961,14820.7002,14850,0
01/09/2022,14855,14905.90039,14836,14855,0
02/09/2022,14902.09961,14910.5,14857.40039,14902.09961,0
05/09/2022,14890,14939,14823.5,14890,0
06/09/2022,14882.2998,14915,14849.5,14882.2998,0
07/09/2022,14904,14961.59961,14880,14904,0
08/09/2022,14865.2998,14919.7002,14862,14865.2998,0
09/09/2022,14892.2998,14900,14806.40039,14892.2998,0
12/09/2022,14823,14890.09961,14805.2002,14823,0
13/09/2022,14858.7002,14948.40039,14831.2002,14858.7002,0
14/09/2022,14954.90039,14980.7998,14868.2998,14954.90039,0
15/09/2022,14915,14951,14871.09961,14915,0
16/09/2022,14933.59961,14997.7998,14891,14933.59961,0
19/09/2022,14946,15002.90039,14934.2002,14946,0
20/09/2022,14985.7998,15043.09961,14508.7002,14985.7998,0
21/09/2022,15008.59961,15039,14908.5,15008.59961,0
22/09/2022,15019,15055.5,14908.2998,15019,0
23/09/2022,15026.59961,15101.5,14957.83008,15026.59961,0
26/09/2022,15031,15183.40039,15031,15031,0
27/09/2022,15204,15213,15043.41016,15204,0
28/09/2022,15167.2002,15319.2998,15116,15167.2002,0
29/09/2022,15175.2998,15282.7002,15142.09961,15175.2998,0
30/09/2022,15175.2002,15279.09961,15172.59961,15175.2002,0
03/10/2022,15221,15362.90039,15221,15221,0
04/10/2022,15290,15309.5,15175.40039,15290,0
05/10/2022,15180,15245,15142.40039,15180,0
06/10/2022,15206.7002,15249,15115.09961,15206.7002,0
07/10/2022,15215.7998,15285.5,15181,15215.7998,0
10/10/2022,15246,15343,15172.90039,15246,0
11/10/2022,15343,15374.7998,15305,15343,0
12/10/2022,15338.5,15390.2002,15330.5,15338.5,0
13/10/2022,15318.59961,15429.09961,15265.7002,15318.59961,0
14/10/2022,15364,15487,15331.59961,15364,0
17/10/2022,15420,15510.7002,15420,15420,0
18/10/2022,15441.40039,15492.5,15428.59961,15441.40039,0
19/10/2022,15466.2002,15536.7998,15448.90039,15466.2002,0
20/10/2022,15620,15620,15516.5,15620,0
21/10/2022,15562,15649.7002,15501.09961,15562,0
24/10/2022,15626,15626,15528.5,15626,0
25/10/2022,15586.5,15634,15510.09961,15586.5,0
26/10/2022,15549,15616,15491.7002,15549,0
27/10/2022,15502.7002,15587,15474.59961,15502.7002,0
28/10/2022,15554.2002,15573.5,15509.7002,15554.2002,0
31/10/2022,15549.2002,15656.7998,15545,15549.2002,0
01/11/2022,15649,15656.2002,15591,15649,0
02/11/2022,15690,15690,15607.7998,15690,0
03/11/2022,15696,15800.5,15630.90039,15696,0
04/11/2022,15780,15780,15591.7998,15780,0
07/11/2022,15609.5,15731,15578,15609.5,0
08/11/2022,15675,15721,15572.59961,15675,0
09/11/2022,15645,15691,15601.5,15645,0
10/11/2022,15671.5,15714.5,15518.90039,15671.5,0
11/11/2022,15500,15570.7998,15280.2002,15500,0
14/11/2022,15473.90039,15591.09961,15424.2998,15473.90039,0
15/11/2022,15530.09961,15586.2002,15494,15530.09961,0
16/11/2022,15557,15637,15531,15557,0
17/11/2022,15655,15757.09961,15596,15655,0
18/11/2022,15720,15720,15640.09961,15720,0
21/11/2022,15629.40039,15736,15664.2002,15629.40039,0
22/11/2022,15755,15756.2998,15660.7998,15755,0
23/11/2022,15671,15705.90039,15590.7998,15671,0
24/11/2022,15619.59961,15680,15616.40039,15619.59961,0
25/11/2022,15605,15721.7998,15605,15605,0
28/11/2022,15675.09961,15745.59961,15666,15675.09961,0
29/11/2022,15746,15748.59961,15702.40039,15746,0
30/11/2022,15726.5,15743.7002,15661.5,15726.5,0
01/12/2022,15634.5,15644.09961,15384.7002,15634.5,0
02/12/2022,15355.5,15450.2002,15286,15355.5,0
05/12/2022,15421,15472.2002,15327.2998,15421,0
06/12/2022,15520.2998,15667.90039,15461,15520.2998,0
07/12/2022,15623,15655.2998,15531,15623,0
08/12/2022,15596,15637.59961,15566.5,15596,0
09/12/2022,15590,15614,15459,15590,0
12/12/2022,15582,15678.7002,15576,15582,0
13/12/2022,15676.2998,15685.5,15503.5,15676.2998,0
14/12/2022,15554.7002,15647.7002,15545,15554.7002,0
15/12/2022,15481,15673,15481,15481,0
16/12/2022,15626,15640.5,15579.7998,15626,0
19/12/2022,15615.90039,15621,15539.5,15615.90039,0
20/12/2022,15567.5,15649.2998,15508.2002,15567.5,0
21/12/2022,15556,15633,15512.40039,15556,0
22/12/2022,15513,15591.2998,15500,15513,0
23/12/2022,15563,15606,15559.2998,15563,0
26/12/2022,15565.90039,15637.5,15554.2998,15565.90039,0
27/12/2022,15607,15687.2998,15600.2998,15607,0
28/12/2022,15617.5,15795.2998,15615,15617.5,0
29/12/2022,15789,15789,15598.09961,15789,0
30/12/2022,15620,15651,15371.40039,15620,0
02/01/2023,15508.7998,15588.7002,15463.90039,15508.7998,0
03/01/2023,15550,15638.7998,15514.90039,15550,0
04/01/2023,15571.7998,15627.5,15553.5,15571.7998,0
05/01/2023,15560,15640.90039,15558.5,15560,0
06/01/2023,15620,15692.09961,15558.09961,15620,0
09/01/2023,15602.2998,15626,15545.7998,15602.2998,0
10/01/2023,15580,15606.5,15516.5,15580,0
11/01/2023,15528.90039,15576.40039,15429.5,15528.90039,0
12/01/2023,15414,15476,15145.90039,15414,0
13/01/2023,15172,15231.5,15106.90039,15172,0
16/01/2023,15114.7998,15138,14974.2002,15114.7998,0
17/01/2023,15082,15206.5,15067,15082,0
18/01/2023,15162,15192.2002,15010.7998,15162,0
19/01/2023,15096,15193.59961,15081,15096,0
20/01/2023,15141,15164.7002,15022.2998,15141,0
23/01/2023,15055.90039,15068,14969.59961,15055.90039,0
24/01/2023,15007,15068,14857.40039,15007,0
25/01/2023,14955.5,14993.7002,14881,14955.5,0
26/01/2023,14938.7002,14981.59961,14926,14938.7002,0
27/01/2023,14942.5,14993.5,14937,14942.5,0
30/01/2023,14970.40039,14995.90039,14956.2998,14970.40039,0
31/01/2023,14995,15059,14963,14995,0
01/02/2023,14990.7002,15017.5,14943.5,14990.7002,0
02/02/2023,14855,14911.5,14824.7998,14855,0
03/02/2023,14881,15048,14848.09961,14881,0
06/02/2023,15078.7998,15231.90039,14886,15078.7998,0
07/02/2023,15200,15202,15095.7998,15200,0
08/02/2023,15147,15151.2998,15079.59961,15147,0
09/02/2023,15117,15141.5,15078,15117,0
10/02/2023,15140,15227.90039,15114,15140,0
13/02/2023,15182.2002,15253.09961,15178,15182.2002,0
14/02/2023,15211,15221,15096.2998,15211,0
15/02/2023,15179,15264.09961,15156,15179,0
16/02/2023,15210,15210,15089.7002,15210,0
17/02/2023,15142,15235.90039,15137,15142,0
20/02/2023,15159,15184.7998,15129.7998,15159,0
21/02/2023,15162.5,15221,15139.90039,15162.5,0
22/02/2023,15233,15235.09961,15173,15233,0
23/02/2023,15192,15223.7998,15157.7998,15192,0
24/02/2023,15210,15273.7998,15188.5,15210,0
27/02/2023,15257.7002,15286.5,15216.59961,15257.7002,0
28/02/2023,15209,15285.59961,15203.5,15209,0
01/03/2023,15240,15271.5,15212,15240,0
02/03/2023,15243,15333.2998,15232.5,15243,0
03/03/2023,15322,15342.09961,15267,15322,0
06/03/2023,15255.09961,15346.2002,15283,15255.09961,0
07/03/2023,15352,15417,15329.5,15352,0
08/03/2023,15437,15468.5,15401.2002,15437,0
09/03/2023,15450,15469.5,15419,15450,0
10/03/2023,15489,15505.09961,15427,15489,0
13/03/2023,15472.59961,15465.5,15345.90039,15472.59961,0
14/03/2023,15409,15410,15345,15409,0
15/03/2023,15372,15504,15336,15372,0
16/03/2023,15479,15480,15367.90039,15479,0
17/03/2023,15422,15422,15338,15422,0
20/03/2023,15368.5,15391.7998,15334,15368.5,0
21/03/2023,15340,15354.5,15284,15340,0
22/03/2023,15294,15308.5,15239,15294,0
23/03/2023,15251,15256,15031.7002,15251,0
24/03/2023,15047,15213.2998,15054.90039,15047,0
27/03/2023,15148,15194,15107,15148,0
28/03/2023,15107.5,15111.5,15046,15107.5,0
29/03/2023,15061,15102.7998,15033,15061,0
30/03/2023,15031.5,15081,15017,15031.5,0
31/03/2023,15020,15024.2998,14838,15020,0
03/04/2023,14988,15014,14848.59961,14988,0
04/04/2023,14915,14947.2002,14854.7002,14915,0
05/04/2023,14958,14972.7998,14896,14958,0
06/04/2023,14956,14969,14908,14956,0
07/04/2023,14932,14947,14908,14932,0
10/04/2023,14906,14960.7998,14892,14906,0
11/04/2023,14955,14956,14870,14955,0
12/04/2023,14913,14925,14800.2002,14913,0
13/04/2023,14823.5,14840.7998,14678.7998,14823.5,0
14/04/2023,14720,14792,14638,14720,0
17/04/2023,14693,14891.90039,14693,14693,0
18/04/2023,14860,14902.40039,14799,14860,0
19/04/2023,14890,15022.7002,14837.09961,14890,0
20/04/2023,15006,15006,14913,15006,0
21/04/2023,14946,14982.5,14918.2998,14946,0
24/04/2023,14838,14984.7998,14838,14838,0
25/04/2023,14945,14954.59961,14908,14945,0
26/04/2023,14935,14949,14809,14935,0
27/04/2023,14841.5,14845.5,14684.2002,14841.5,0
28/04/2023,14684,14703.09961,14627.90039,14684,0
01/05/2023,14663,14682.5,14631,14663,0
02/05/2023,14671.5,14748.2998,14628.2002,14671.5,0
03/05/2023,14752.5,14753,14660,14752.5,0
04/05/2023,14680.5,14754.59961,14570,14680.5,0
05/05/2023,14700,14711.2002,14632,14700,0
08/05/2023,14668,14742,14667.09961,14668,0
09/05/2023,14750,14772.7998,14722,14750,0
10/05/2023,14767,14769,14657,14767,0
11/05/2023,14691,14766,14673.5,14691,0
12/05/2023,14770.5,14851.7002,14730,14770.5,0
15/05/2023,14743,14828.59961,14743,14743,0
16/05/2023,14795,14864.2998,14767,14795,0
17/05/2023,14885,14903.2998,14844.7998,14885,0
18/05/2023,14876.5,14915,14833.2998,14876.5,0
19/05/2023,14916,14976,14876,14916,0
22/05/2023,14918,14920,14860,14918,0
23/05/2023,14886,14910.7998,14842,14886,0
24/05/2023,14895,14935.7002,14867.2002,14895,0
25/05/2023,14945.90039,14968.2002,14911.7998,14945.90039,0
26/05/2023,14970,14997.40039,14921.7998,14970,0
29/05/2023,14948,14980.2998,14940.09961,14948,0
30/05/2023,14960,15018.59961,14924.7998,14960,0
31/05/2023,14979,15018.40039,14959,14979,0
01/06/2023,14984,14985,14893,14984,0
02/06/2023,14907,14913,14754,14907,0
05/06/2023,14983,14983,13636.59961,14983,0
06/06/2023,14849.5,14892.09961,14812.7998,14849.5,0
07/06/2023,14872,14891.5,14813,14872,0
08/06/2023,14889,14904.7998,14819.5,14889,0
09/06/2023,14836,14871.7998,14818,14836,0
12/06/2023,14833,14901.09961,14833,14833,0
13/06/2023,14871.5,14885.5,14807,14871.5,0
14/06/2023,14869,14926.7002,14829.40039,14869,0
15/06/2023,14909,14984.7998,14887.5,14909,0
16/06/2023,14897,14964.90039,14898,14897,0
19/06/2023,14928,15006.7002,14928,14928,0
20/06/2023,15008,15063.09961,14992.7998,15008,0
21/06/2023,15016,15036.40039,14915,15016,0
22/06/2023,14943,14973.7002,14885,14943,0
23/06/2023,14935,15056,14902,14935,0
26/06/2023,14987,15062.5,14987,14987,0
27/06/2023,15039,15050.7002,14940,15039,0
28/06/2023,14982.5,15020.90039,14951.40039,14982.5,0
29/06/2023,14981,15080.40039,14980,14981,0
30/06/2023,15064,15084.09961,15014,15064,0
03/07/2023,14986,15071.59961,14986,14986,0
04/07/2023,15056,15056,14983,15056,0
05/07/2023,15010,15076.40039,14993,15010,0
06/07/2023,15077,15202,15039,15077,0
07/07/2023,15189.2998,15193.2002,15115.5,15189.2998,0
10/07/2023,15128,15248.09961,15128,15128,0
11/07/2023,15216,15217,15132,15216,0
12/07/2023,15156.7998,15158.2998,14506.5,15156.7998,0
13/07/2023,14928,15001.09961,14920.90039,14928,0
14/07/2023,14954,14989.7002,13082,14954,0
17/07/2023,14951,15025.40039,14886.2002,14951,0
18/07/2023,14982.5,15000.5,14954.5,14982.5,0
19/07/2023,14986,15026.09961,14954.59961,14986,0
20/07/2023,14992,15057.2998,14953.7998,14992,0
21/07/2023,15051.5,15051.09961,14986,15051.5,0
24/07/2023,15018,15055.59961,15000,15018,0
25/07/2023,15021.5,15042.2002,14978,15021.5,0
26/07/2023,15032,15062.7998,14990,15032,0
27/07/2023,15007,15060.7998,14978,15007,0
28/07/2023,15095,15132,15031.90039,15095,0
31/07/2023,15088,15107.7002,15053.7998,15088,0
01/08/2023,15104,15147.40039,15084.5,15104,0
02/08/2023,15131,15206.40039,15117,15131,0
03/08/2023,15220,15221.7998,15126,15220,0
04/08/2023,15161,15194.7002,15093,15161,0
07/08/2023,15163,15209.09961,15129.5,15163,0
08/08/2023,15232,15245.2998,15193,15232,0
09/08/2023,15207.2002,15209,15151.7002,15207.2002,0
10/08/2023,15207,15209.90039,15116.5,15207,0
11/08/2023,15259,15308.09961,15198,15259,0
14/08/2023,15317,15353.09961,15279.7998,15317,0
15/08/2023,15347,15357.2998,15147.7998,15347,0
16/08/2023,15311.5,15347.40039,15269.09961,15311.5,0
17/08/2023,15362,15389,15325,15362,0
18/08/2023,15362.5,15373.90039,15281.59961,15362.5,0
21/08/2023,15278,15331.90039,15278,15278,0
22/08/2023,15318.90039,15322,15308,15318.90039,0
23/08/2023,15317,15322,15291,15317,0
24/08/2023,15294.09961,15294.09961,15233,15294.09961,0
25/08/2023,15239,15298,15239,15239,0
28/08/2023,15288,15304.7002,15238,15288,0
29/08/2023,15255.5,15274.2998,15186,15255.5,0
30/08/2023,15196.5,15248.7998,15126.7002,15196.5,0
31/08/2023,15216,15261.7002,15178.40039,15216,0
01/09/2023,15231,15266.40039,15046.7998,15231,0
04/09/2023,15233,15249,15185,15233,0
05/09/2023,15227,15293.2002,15216.40039,15227,0
06/09/2023,15298,15343.2998,15282.2002,15298,0
07/09/2023,15336,15347,15311,15336,0
08/09/2023,15342,15368.2998,15319,15342,0
11/09/2023,15318,15370.5,15318,15318,0
12/09/2023,15339.09961,15372.7998,15323,15339.09961,0
13/09/2023,15350.2002,15386.7998,15336.09961,15350.2002,0
14/09/2023,15353,15384.5,15335.7002,15353,0
15/09/2023,15395,15397,15344,15395,0
18/09/2023,15346,15382,15339,15346,0
19/09/2023,15377,15389.59961,15357.2002,15377,0
20/09/2023,15384.5,15395.59961,15316,15384.5,0
21/09/2023,15361,15404.7002,15324.2998,15361,0
22/09/2023,15400.5,15401,15353,15400.5,0
25/09/2023,15368,15415.2002,15352,15368,0
26/09/2023,15405,15507,15395.59961,15405,0
27/09/2023,15493,15559.2998,15452.09961,15493,0
28/09/2023,15569,15597.5,15413,15569,0
29/09/2023,15474,15506,15443.59961,15474,0
02/10/2023,15448,15578.59961,15395.7998,15448,0
03/10/2023,15516,15614.90039,15508.7002,15516,0
04/10/2023,15622,15646.40039,15068,15622,0
05/10/2023,15591,15642,15562.5,15591,0
06/10/2023,15631,15699.7002,15535.2998,15631,0
09/10/2023,15603,15717,15546.09961,15603,0
10/10/2023,15691.40039,15759.7002,15657,15691.40039,0
11/10/2023,15718.5,15730.09961,15650,15718.5,0
12/10/2023,15693,15726.5,15632.09961,15693,0
13/10/2023,15739,15744,15669,15739,0
16/10/2023,15676,15731.7998,15676,15676,0
17/10/2023,15675,15739,15667,15675,0
18/10/2023,15728.2002,15811.7002,15705,15728.2002,0
19/10/2023,15807,15869,15760,15807,0
20/10/2023,15856,15889.5,15806.7998,15856,0
23/10/2023,15868,15972.7002,15810.59961,15868,0
24/10/2023,15874,15902,15825.5,15874,0
25/10/2023,15868,15892.2002,15832.40039,15868,0
26/10/2023,15877.5,15938.09961,15874,15877.5,0
27/10/2023,15920,15955.5,15874,15920,0
30/10/2023,15903.5,15933,15843.09961,15903.5,0
31/10/2023,15843,15940.2002,15842,15843,0
01/11/2023,15748.7002,15969.2998,15745,15748.7002,0
02/11/2023,15900,15900,15764.09961,15900,0
03/11/2023,15838,15847,15567.40039,15838,0
06/11/2023,15582.09961,15624,15445,15582.09961,0
07/11/2023,15570,15677.5,15539.90039,15570,0
08/11/2023,15643.59961,15700.2002,15587,15643.59961,0
09/11/2023,15616,15679.09961,15595.7002,15616,0
10/11/2023,15713.7002,15718.5,15651.5,15713.7002,0
13/11/2023,15683,15720.09961,15678.59961,15683,0
14/11/2023,15667,15712.7002,15289.5,15667,0
15/11/2023,15281,15550.40039,15281,15281,0
16/11/2023,15487.7998,15620.5,15478.5,15487.7998,0
17/11/2023,15475,15529.2998,15322.7998,15475,0
20/11/2023,15399.40039,15454.09961,15329,15399.40039,0
21/11/2023,15382.09961,15535.90039,15230,15382.09961,0
22/11/2023,15501.2998,15641,15487.09961,15501.2998,0
23/11/2023,15612.7998,15650,15470.5,15612.7998,0
24/11/2023,15495,15605.2998,15328.7998,15495,0
27/11/2023,15560,15555,15460.59961,15530,0
28/11/2023,15466.5,15490,15337.2998,15466.5,0
29/11/2023,15259,15456,15365,15259,0
30/11/2023,15407,15557.2998,15157.40039,15407,0
01/12/2023,15549.2998,15549.2998,15384.90039,15549.2998,0
04/12/2023,15437.40039,15504.5,15417.2002,15437.40039,0
05/12/2023,15519.90039,15519.90039,15234.2002,15519.90039,0
06/12/2023,15457,15533.09961,15423.7998,15457,0
07/12/2023,15480,15556.90039,15478.2002,15480,0
08/12/2023,15500,15558,14982,15500,0
11/12/2023,15560.2002,15672.09961,15435.90039,15560.2002,0
12/12/2023,15647,15650.2998,15448.5,15647,0
13/12/2023,15569,15679,15566.59961,15569,0
14/12/2023,15275,15528.90039,15275,15275,0
15/12/2023,15468,15595,15428.2998,15468,0
18/12/2023,15282.7998,15569.90039,15433.2998,15282.7998,0
19/12/2023,15454.40039,15525.2998,15400,15454.40039,0
20/12/2023,15455,15532,15449.7998,15455,0
21/12/2023,15518,15540.7002,15369.7002,15518,0
22/12/2023,15440,15515,14610,15440,0
25/12/2023,15409.2002,15460,15460,15409.2002,0
26/12/2023,15460,15460,15398.5,15460,0
27/12/2023,15400,15434,15347.40039,15400,0
28/12/2023,15373,15443,15369.2002,15373,0
29/12/2023,15425,15536.5,14416.5,15425,0
01/01/2024,15383.09961,15383,15383,15383.09961,0
02/01/2024,15383,15543,15350.90039,15383,0
03/01/2024,15498,15572.2998,15401.7998,15498,0
04/01/2024,15555,15555,15476.09961,15555,0
05/01/2024,15511,15553,14379.7998,15511,0
08/01/2024,15477.5,15546.7002,15473.40039,15477.5,0
09/01/2024,15495.5,15553.7998,15478.7002,15495.5,0
10/01/2024,15534.5,15587.40039,15526.7002,15534.5,0
11/01/2024,15555,15618,15483.90039,15555,0
12/01/2024,15556.5,15582,15505,15556.5,0
15/01/2024,15503.2002,15566.7998,15537,15503.2002,0
16/01/2024,15546,15634,15539.2998,15546,0
17/01/2024,15625,15656.2998,15598,15625,0
18/01/2024,15624,15643.2998,15592.2998,15624,0
19/01/2024,15613.09961,15639.90039,15582,15613.09961,0
22/01/2024,15601,15679.7002,15585.09961,15601,0
23/01/2024,15655.5,15727.7998,15625.59961,15655.5,0
24/01/2024,15715,15734.7998,15651,15715,0
25/01/2024,15714.5,15876.5,15403.2998,15714.5,0
26/01/2024,15808,15844.2998,15729.09961,15808,0
29/01/2024,15767.59961,15833.59961,15768,15767.59961,0
30/01/2024,15828,15830,15759,15828,0
31/01/2024,15785,15813.2998,15726,15785,0
01/02/2024,15769,15793.2002,15705.59961,15769,0
02/02/2024,15726,15754,15519.59961,15726,0
05/02/2024,15727.2002,15791,15676.7998,15727.2002,0
06/02/2024,15711.5,15774.7002,15693.5,15711.5,0
07/02/2024,15733,15740,15608,15733,0
08/02/2024,15647,15676,15607,15647,0
09/02/2024,15660.2998,15661.2998,15583.2998,15660.2998,0
12/02/2024,15598,15629.2002,15541.7002,15598,0
13/02/2024,15579.5,15687,15278.59961,15579.5,0
14/02/2024,15661.5,15712.59961,15564,15661.5,0
15/02/2024,15553.09961,15651.2998,15544,15553.09961,0
16/02/2024,15672,15683,15578,15672,0
19/02/2024,15628.59961,15646.5,15613,15628.59961,0
20/02/2024,15634,15670.09961,15620.2998,15634,0
21/02/2024,15661,15682.09961,15611,15661,0
22/02/2024,15642,15660.40039,15562,15642,0
23/02/2024,15588,15631,15568,15588,0
26/02/2024,15586.09961,15660,15587,15586.09961,0
27/02/2024,15638.5,15663.90039,15625,15638.5,0
28/02/2024,15653,15733,15643,15653,0
29/02/2024,15712.2002,15752,15673,15712.2002,0
01/03/2024,15704,15748.59961,15681,15704,0
04/03/2024,15691.90039,15750.90039,15681.2998,15691.90039,0
05/03/2024,15766,15781.09961,15723.7998,15766,0
06/03/2024,15751.5,15751.5,15639,15751.5,0
07/03/2024,15668,15687.40039,15601,15668,0
08/03/2024,15621,15636.59961,14784.40039,15621,0
11/03/2024,15536.2998,15583,15381,15536.2998,0
12/03/2024,15518,15548,15151.2002,15518,0
13/03/2024,15546,15596,15534.2002,15546,0
14/03/2024,15574,15629.5,15561,15574,0
15/03/2024,15630,15638.2002,15588,15630,0
18/03/2024,15639.2998,15725.7998,15614,15639.2998,0
19/03/2024,15743,15749.09961,15691,15743,0
20/03/2024,15718,15753.5,15689.2002,15718,0
21/03/2024,15687,15724.59961,15634,15687,0
22/03/2024,15723.5,15858.2002,15245.2002,15723.5,0
25/03/2024,15802.59961,15820.7002,15740.5,15802.59961,0
26/03/2024,15784,15825.2998,15761.09961,15784,0
27/03/2024,15828,15914.5,15797,15828,0
28/03/2024,15877,15893.5,15853,15877,0
29/03/2024,15877,15896.40039,15828.2002,15877,0
01/04/2024,15848,15956.5,15848,15848,0
02/04/2024,15945.7998,15957.90039,15888,15945.7998,0
03/04/2024,15955,15950.40039,15903,15955,0
04/04/2024,15936,15943.2002,15854,15936,0
05/04/2024,15904.5,15916.7998,15754.40039,15904.5,0
08/04/2024,15881,15922.40039,15863,15881,0
09/04/2024,15918,15918,15826.40039,15918,0
10/04/2024,15892.2998,15970.90039,15660.59961,15892.2998,0
11/04/2024,15998.2002,16025,15919.5,15998.2002,0
12/04/2024,16007,16148.40039,15990,16007,0
15/04/2024,16111,16145.7998,16034.7998,16111,0
16/04/2024,16075,16309.40039,15853.5,16075,0
17/04/2024,16312.2002,16312.2002,15317,16312.2002,0
18/04/2024,16246,16257,16148.40039,16246,0
19/04/2024,16220,16300.7998,15980.09961,16220,0
22/04/2024,16210.2998,16268.59961,16199.09961,16210.2998,0
23/04/2024,16246,16244.09961,16129.90039,16246,0
24/04/2024,16140.2002,16242.40039,16100.2998,16140.2002,0
25/04/2024,16220,16235,16065.40039,16220,0
26/04/2024,16202,16261.7998,16137.59961,16202,0
29/04/2024,16203,16268.7002,16203,16203,0
30/04/2024,16246,16278.40039,16216.7002,16246,0
01/05/2024,16273,16274.90039,16191.2002,16273,0
02/05/2024,16190.40039,16253,16103,16190.40039,0
03/05/2024,16097,16103,14893.7998,16097,0
06/05/2024,16077,16077,15950.5,16077,0
07/05/2024,16034,16070.59961,16020,16034,0
08/05/2024,16073,16098.2002,16037,16073,0
09/05/2024,16074,16075,16028,16074,0
10/05/2024,16030,16067.5,16004,16030,0
13/05/2024,16038,16125.40039,16038,16038,0
14/05/2024,16121,16134.5,16082,16121,0
15/05/2024,16102,16111,15516.59961,16102,0
16/05/2024,15914,15949.7998,15875,15914,0
17/05/2024,15930.7998,15986.5,15921.7998,15930.7998,0
20/05/2024,15958,16006.2998,15943.40039,15958,0
21/05/2024,16031,16045,15947.2002,16031,0
22/05/2024,16005,16051,15959.40039,16005,0
23/05/2024,16040.7002,16078.2002,16005.2002,16040.7002,0
24/05/2024,16095,16113.2002,16022,16095,0
27/05/2024,16038,16088.09961,15915.01953,16038,0
28/05/2024,16071,16102.40039,16059,16071,0
29/05/2024,16117,16241.2998,16105,16117,0
30/05/2024,16232.09961,16277.7998,16190,16232.09961,0
31/05/2024,16228,16267.2998,16219.5,16228,0
03/06/2024,16243,16249,16198,16243,0
04/06/2024,16203,16298.2998,16181,16203,0
05/06/2024,16276,16346,16247,16276,0
06/06/2024,16315,16315,16229.09961,16315,0
07/06/2024,16241.7002,16280.7002,15619,16241.7002,0
10/06/2024,16270,16309.2998,16260,16270,0
11/06/2024,16312,16317.7998,16278,16312,0
12/06/2024,16305.40039,16308,15968,16305.40039,0
13/06/2024,16230,16293.5,16056.5,16230,0
14/06/2024,16286,16486,16277,16286,0
17/06/2024,16479.90039,16480.80078,16355.2002,16479.90039,0
18/06/2024,16479,16479,16361.7998,16479,0
19/06/2024,16379,16408.90039,16337.09961,16379,0
20/06/2024,16380.90039,16510.19922,16358,16380.90039,0
21/06/2024,16491.90039,16489.40039,16423,16491.90039,0
24/06/2024,16443,16474.30078,16331.2998,16443,0
25/06/2024,16394.09961,16403,16353,16394.09961,0
26/06/2024,16401,16448,16390,16401,0
27/06/2024,16434,16434,16349,16434,0
28/06/2024,16374.40039,16416.80078,16310,16374.40039,0
01/07/2024,16343,16375.40039,16306,16343,0
02/07/2024,16390,16401.90039,16351.09961,16390,0
03/07/2024,16391,16396.5,16271.90039,16391,0
04/07/2024,16340,16350.2998,16307,16340,0
05/07/2024,16328.5,16339,16174.7002,16328.5,0
08/07/2024,16245,16291.7998,16239.5,16245,0
09/07/2024,16277.2002,16309.2998,16245,16277.2002,0
10/07/2024,16277,16289.09961,16197,16277,0
11/07/2024,16198,16212.5,15640,16198,0
12/07/2024,16104,16160.2998,16069.09961,16104,0
15/07/2024,16108,16196.59961,16108,16108,0
16/07/2024,16195,16210.7002,16138.90039,16195,0
17/07/2024,16173,16173,16084.5,16173,0
18/07/2024,16138,16188.90039,16122.5,16138,0
19/07/2024,16185,16219.90039,16139.2002,16185,0
22/07/2024,16206,16233.2002,14633,16206,0
23/07/2024,16220.2002,16230,16180,16220.2002,0
24/07/2024,16222,16252.5,16205.5,16222,0
25/07/2024,16246,16330.7998,16229.7998,16246,0
26/07/2024,16337.7998,16337.7998,16244,16337.7998,0
29/07/2024,16283,16294.59961,16261.59961,16283,0
30/07/2024,16301.7002,16335.09961,16286.7002,16301.7002,0
31/07/2024,16328.5,16330,16247,16328.5,0
01/08/2024,16255,16270,16210,16255,0
02/08/2024,16281,16284,15814.7002,16281,0
05/08/2024,16012,16221.7998,16012,16012,0
06/08/2024,16208,16216.2002,16135.7002,16208,0
07/08/2024,16152.2998,16168,15987,16152.2998,0
08/08/2024,16023,16023.09961,15751.7998,16023,0
09/08/2024,15979,15981.09961,15883,15979,0
12/08/2024,15918,15992.2998,15907.5,15918,0
13/08/2024,15949.09961,15948,15734.59961,15949.09961,0
14/08/2024,15749,15747.90039,15460.2998,15749,0
15/08/2024,15619.5,15788,15555.2998,15619.5,0
16/08/2024,15755,15766,14966,15755,0
19/08/2024,15683,15683,15535.2998,15683,0
20/08/2024,15523,15546,15401,15523,0
21/08/2024,15442,15521.09961,15417,15442,0
22/08/2024,15484,15713.40039,15461.7002,15484,0
23/08/2024,15728.5,15744,15417.7998,15728.5,0
26/08/2024,15377.2002,15471,15287.59961,15377.2002,0
27/08/2024,15462.59961,15552.90039,15443,15462.59961,0
28/08/2024,15467.09961,15520.40039,15367.7998,15467.09961,0
29/08/2024,15440,15466.09961,15257.59961,15440,0
30/08/2024,15444.7998,15527.5,15383.7998,15444.7998,0
02/09/2024,15525,15556.2998,15506.5,15525,0
03/09/2024,15520.09961,15585.5,15441.7998,15520.09961,0
04/09/2024,15532.90039,15550.09961,15421.5,15532.90039,0
05/09/2024,15444.40039,15449,15340.2998,15444.40039,0
06/09/2024,15417,15439,15249.2002,15417,0
09/09/2024,15405,15504.7002,15316.5,15405,0
10/09/2024,15456.7998,15489,15411.5,15456.7998,0
11/09/2024,15489,15489.09961,15372.5,15489,0
12/09/2024,15437,15463.2998,15396.7002,15437,0
13/09/2024,15418.7002,15430,15337.90039,15418.7002,0
16/09/2024,15393,15401,15347,15393,0
17/09/2024,15385,15386,15298.5,15385,0
18/09/2024,15345,15367.59961,15234.2998,15345,0
19/09/2024,15300.2002,15391,14894.5,15300.2002,0
20/09/2024,15197.59961,15227,15033.59961,15197.59961,0
23/09/2024,15154,15232.09961,15147,15154,0
24/09/2024,15174.09961,15204.7002,15117.2998,15174.09961,0
25/09/2024,15121.09961,15178.09961,15008.2998,15121.09961,0
26/09/2024,15201.5,15204,14975.7002,15201.5,0
27/09/2024,15070,15161.7002,15019.2998,15070,0
30/09/2024,15118,15197.2998,14935.90039,15118,0
01/10/2024,15170.59961,15250.09961,15148.7998,15170.59961,0
02/10/2024,15260.59961,15289.90039,15187.2002,15260.59961,0
03/10/2024,15324,15507.90039,15294,15324,0
04/10/2024,15457,15719,15400.5,15457,0
07/10/2024,15650,15756.90039,15579.7002,15650,0
08/10/2024,15744,15744,15628,15744,0
09/10/2024,15682.40039,15684,15567.7002,15682.40039,0
10/10/2024,15664.59961,15719,15585.2002,15664.59961,0
11/10/2024,15670.90039,15682,15535.59961,15670.90039,0
14/10/2024,15562,15612.5,15547.09961,15562,0
15/10/2024,15573,15598.2002,15509.7998,15573,0
16/10/2024,15578.59961,15580,15495.59961,15578.59961,0
17/10/2024,15583.90039,15587,15482.2002,15583.90039,0
18/10/2024,15493,15525,15441,15493,0
21/10/2024,15467,15544.2002,15421,15467,0
22/10/2024,15556,15575.7002,15515,15556,0
23/10/2024,15586,15687.5,15545.7002,15586,0
24/10/2024,15663,15664,15548.59961,15663,0
25/10/2024,15621.5,15686.09961,15581,15621.5,0
28/10/2024,15688.09961,15742.5,15633,15688.09961,0
29/10/2024,15747,15784.7998,15717.7998,15747,0
30/10/2024,15768,15768,15628.09961,15768,0
31/10/2024,15695.5,15751.2002,15672.5,15695.5,0
01/11/2024,15713,15794,15633.2002,15713,0
04/11/2024,15842,15842,15719,15842,0
05/11/2024,15790,15791.90039,15707.7002,15790,0
06/11/2024,15665,15883.09961,14476.5,15665,0
07/11/2024,15818.2002,15833.7998,15575,15818.2002,0
08/11/2024,15558,15694.2998,14873.7998,15558,0
11/11/2024,15647.2002,15761.59961,15636.7998,15647.2002,0
12/11/2024,15765,15813.7002,15674.40039,15765,0
13/11/2024,15788.90039,15819,15625,15788.90039,0
14/11/2024,15847.2002,15976.40039,15756.09961,15847.2002,0
15/11/2024,15933.2998,15973,15809.40039,15933.2998,0
18/11/2024,15891.2998,15863.5,15818.7002,15891.2998,0
19/11/2024,15806.09961,15909.15039,15830,15831.58301,0
20/11/2024,15817.09961,15918.2002,15792.09961,15817.09961,0
21/11/2024,15913,15952.7998,15797.59961,15913,0
22/11/2024,15816.90039,15956.90039,15790.90039,15816.90039,0
25/11/2024,15940,15937,15785.5,15940,0
26/11/2024,15901.2002,15938,15851,15901.2002,0
27/11/2024,15930,15930,15810.40039,15930,0
28/11/2024,15863.5,15886.09961,15816.59961,15863.5,0
29/11/2024,15878,15879,15794,15878,0
02/12/2024,15829,15916,15829,15829,0
03/12/2024,15910,15955.2002,15883.09961,15910,0
04/12/2024,15940,15975,15874.90039,15940,0
05/12/2024,15906.59961,15916.09961,15813.09961,15906.59961,0
06/12/2024,15839.7998,15859,15705.5,15839.7998,0
09/12/2024,15825.7998,15900.7002,15805,15825.7998,0
10/12/2024,15864,15886.59961,15827.2998,15864,0
11/12/2024,15908,15958,15848,15908,0
12/12/2024,15963,15967,15914.90039,15963,0
13/12/2024,15967.40039,16040.7002,15926.09961,15967.40039,0
16/12/2024,16025.7998,16034.7002,15917.7002,16025.7998,0
17/12/2024,15955,16153.90039,15837.2998,15955,0
18/12/2024,15926.2002,16129.90039,15926.2002,15926.2002,0
19/12/2024,16145.2998,16389,15970.40039,16145.2998,0
20/12/2024,15981.2998,16329.90039,15892.59961,15981.2998,0
23/12/2024,16159.2998,16211.2998,16092.2998,16159.2998,0
24/12/2024,16217.59961,16220,16135.40039,16217.59961,0
25/12/2024,15970.7998,16243,14210.90039,15970.7998,0
26/12/2024,15069.40039,16224.90039,15069.40039,15069.40039,0
27/12/2024,16189,16283.09961,15798.2998,16189,0
30/12/2024,16178,16228,16059.7002,16178,0
31/12/2024,16085.59961,16219,16050.90039,16085.59961,0
02/01/2025,16230.5,16257,16117.7002,16230.5,0
03/01/2025,16201.09961,16244,16158.59961,16201.09961,0
06/01/2025,16178.7998,16220.5,16033.7002,16178.7998,0
07/01/2025,16179.09961,16189.59961,16122.7002,16179.09961,0
08/01/2025,16157.7002,16253.5,16130.59961,16157.7002,0
09/01/2025,16187.59961,16272,16155,16187.59961,0
10/01/2025,16237,16258.90039,15397.7002,16237,0
13/01/2025,16268,16613.80078,16252,16268,0
14/01/2025,16295.2002,16341,16218.2998,16295.2002,0
15/01/2025,16320,16399,16154.09961,16320,0
16/01/2025,16360.7998,16422.30078,16229.44043,16360.7998,0
17/01/2025,16368.7998,16410,16279.90039,16368.7998,0
20/01/2025,16367.09961,16394,16156.2998,16367.09961,0
21/01/2025,16245,16369.09961,16245,16245,0
22/01/2025,16330.7998,16338,15239.2002,16330.7998,0
23/01/2025,16232.7998,16290.09961,16170.2002,16232.7998,0
24/01/2025,16230.90039,16234,16090.40039,16230.90039,0
27/01/2025,16164.90039,16234,16141,16164.90039,0
28/01/2025,16155.59961,16246,16140.09961,16155.59961,0
29/01/2025,15881.2002,16269.2998,15960.59961,15881.2002,0
30/01/2025,16238,16263.7998,16210.59961,16238,0
31/01/2025,16274.5,16327.40039,16177.7002,16274.5,0
03/02/2025,16341.2998,16483,15995.2002,16341.2998,0
04/02/2025,16320,16386.69922,16286,16320,0
05/02/2025,16299.09961,16332.2998,16271.40039,16299.09961,0
06/02/2025,16298.09961,16350.7998,16298.90039,16298.09961,0
07/02/2025,16327,16341,16162.90039,16327,0
10/02/2025,16314.7002,16364.2998,16270,16314.7002,0
11/02/2025,16330.09961,16396.19922,16329.2002,16330.09961,0
12/02/2025,16343.2998,16395,16263.40039,16343.2998,0
13/02/2025,16375,16382.90039,16251,16375,0
14/02/2025,16219,16295.40039,15607.5,16219,0
17/02/2025,16173,16245.7998,16172.2002,16173,0
18/02/2025,16220,16348.59961,16220,16220,0
19/02/2025,16317,16386.5,16289.2998,16317,0
20/02/2025,16346.40039,16357,16253.7002,16346.40039,0
21/02/2025,16245.09961,16347.7002,16245.09961,16245.09961,0
24/02/2025,16278,16316.2998,16218.5,16278,0
25/02/2025,16279.2998,16393.19922,16271.7002,16279.2998,0
26/02/2025,16314,16406.09961,16234.41992,16314,0
27/02/2025,16367.40039,16527.59961,16366,16367.40039,0
28/02/2025,16553.69922,16606.40039,16492,16553.69922,0
